DROP TABLE IF EXISTS `Actor`;
CREATE TABLE IF NOT EXISTS `Actor` (
  `ActorId` int(11) NOT NULL,
  `Name` varchar(35) default NULL,
  PRIMARY KEY  (`ActorId`)
);

--
-- Volcado de datos para la tabla `Actor`
--

INSERT INTO `Actor` (`ActorId`, `Name`) VALUES
(7975, 'Shelley Long'),
(197, 'Alice Krige'),
(7130, 'Rebecca Jane Klingler'),
(8103, 'Stephen Baldwin'),
(5511, 'Madeleine Lebeau'),
(7051, 'Ralph Peduto'),
(5512, 'Madeleine Stowe'),
(5350, 'Lisa Gay Hamilton'),
(8105, 'Stephen Bridgewater'),
(5351, 'Lisa Jakub'),
(3731, 'James Lancaster'),
(5514, 'Madge Ryan'),
(5190, 'LeVar Burton'),
(4461, 'John Murtagh'),
(1950, 'David Steen'),
(8026, 'Simonetta Stefanelli'),
(5191, 'Lea Thompson'),
(4462, 'John Nathan'),
(3490, 'Ingrid Bergman'),
(2842, 'G.D. Spradlin'),
(2761, 'Frank Novak'),
(8028, 'Siobhan Fallon'),
(6084, 'Michael Madsen'),
(7219, 'Richard Bright'),
(4708, 'Julia Sweeney'),
(2845, 'Gabriel Byrne'),
(2764, 'Frank Oz'),
(6087, 'Michael Massee'),
(1875, 'David Early'),
(2848, 'Gabriel Jarret'),
(2769, 'Frank Seals Jr.'),
(440, 'Anthony ''Chip'' Brienza'),
(445, 'Anthony Chinn'),
(446, 'Anthony Clark'),
(447, 'Anthony Crivello'),
(448, 'Anthony Daniels'),
(7141, 'Reg E. Cathey'),
(7060, 'Rance Howard'),
(4630, 'Joseph Mazzello'),
(9005, 'William Duell'),
(5441, 'Louis Lombardi'),
(4631, 'Joseph McKenna'),
(2930, 'Gene Borkan'),
(5361, 'Lisa Talerico'),
(4714, 'Julian Glover'),
(4633, 'Joseph Patrick Kelly'),
(3580, 'Jack Conley'),
(8036, 'Slim Pickens'),
(6254, 'Mirron E. Willis'),
(5525, 'Mae Whitman'),
(3581, 'Jack Creley'),
(1880, 'David Gant'),
(9009, 'William Forsythe'),
(5445, 'Louisa  Marie (I)'),
(5446, 'Louisa Moritz'),
(5284, 'Leslie Schofield'),
(4636, 'Joseph Ragno'),
(5447, 'Louise Fletcher'),
(5285, 'Levani'),
(6179, 'Miguel  Sandoval (I)'),
(3668, 'James  Keane (I)'),
(2778, 'Frank Whaley'),
(612, 'Barry Dennen'),
(1889, 'David Harold Brown'),
(290, 'Andre B. Blake'),
(618, 'Barry McGovern'),
(456, 'Anthony Guidera'),
(457, 'Anthony Heald'),
(458, 'Anthony Higgins'),
(459, 'Anthony Hopkins'),
(6501, 'Norwich Duff'),
(5610, 'Margaret Colin'),
(4720, 'Julian Wadham'),
(9014, 'William H. Macy'),
(4803, 'Karl Warren'),
(3832, 'Jason Barry'),
(9017, 'William Hootkins'),
(4562, 'Jon Matthews'),
(2780, 'Frankie Faison'),
(9018, 'William Hope'),
(5535, 'Maia Brewton'),
(4725, 'Julie Araskog'),
(4482, 'John Qualen'),
(3915, 'Jeannie Linero'),
(6508, 'Obba Babatund'),
(4483, 'John R. Woodward'),
(3754, 'James Rebhorn'),
(7076, 'Randy Oglesby'),
(5618, 'Margaret Tyzack'),
(5537, 'Majel Barrett'),
(5375, 'Lloyd L. Tolbert'),
(4808, 'Kasi Lemmons'),
(3836, 'Jason Hervey'),
(2864, 'Garrick Hagon'),
(6349, 'Nathan George'),
(5296, 'Lexie Bigham'),
(4567, 'Jon Seda'),
(4486, 'John Ratzenberger'),
(3757, 'James Ritz'),
(3676, 'James B. Howard'),
(7079, 'Randy Quaid'),
(4487, 'John Rhys-Davies'),
(1976, 'DeVaughn Nixon'),
(1977, 'Dean Cundey'),
(5299, 'Liam Carney'),
(703, 'Bert  Williams (II)'),
(545, 'Arthur Senzy'),
(8131, 'Stephen Wesley Bridgewater'),
(5540, 'Mal Whyte'),
(8133, 'Sterling Hayden'),
(5703, 'Mark Hamill'),
(7081, 'Raphael Sbarge'),
(3841, 'Jason Marin'),
(5624, 'Margery Mason'),
(4733, 'Julie Donatt'),
(5544, 'Malcolm McDowell'),
(4734, 'Julie H. Morgan'),
(3682, 'James Caan'),
(1981, 'Dean Norris'),
(9029, 'William Masson'),
(6437, 'Nicolas Cage'),
(2954, 'Geoffrey Blake'),
(8139, 'Steve  Park (I)'),
(6357, 'Neal McDonough'),
(5547, 'Malcolm Storry'),
(5548, 'Malcolm Tierney'),
(4819, 'Kate Winslet'),
(3767, 'James Tolkan'),
(4578, 'Jonathan Frakes'),
(4497, 'John Savident'),
(3687, 'James Caviezel'),
(712, 'Betsy Brantley'),
(555, 'Aubrey Morris'),
(478, 'Anthony Sharp'),
(6520, 'Oliver Maguire'),
(7251, 'Richard Graham'),
(6360, 'Ned Bellamy'),
(5551, 'Mandy Patinkin'),
(4904, 'Ken Daly'),
(4580, 'Jonathan Hyde'),
(3932, 'Jeff Goldblum'),
(4662, 'Josip Elic'),
(7336, 'Rick Warner'),
(6364, 'Ned Vaughn'),
(4906, 'Ken Gibbel'),
(3772, 'James Whitmore'),
(3691, 'James Cosmo'),
(5717, 'Mark Matheisen'),
(3854, 'Jay Acovone'),
(8229, 'Stuart Rudin'),
(8148, 'Steve Buscemi'),
(7095, 'Ray Hassett'),
(5395, 'Loren Dean'),
(6287, 'Morgan Freeman'),
(5639, 'Maria de Medeiros'),
(4748, 'Juliette Binoche'),
(3695, 'James Cromwell'),
(3777, 'Jamie Abbott'),
(800, 'Bill Smitrovich'),
(6289, 'Morgan Paull'),
(3698, 'James Deeth'),
(2969, 'George  Harris (II)'),
(643, 'Bee Duffell'),
(565, 'Austin O''Brien'),
(9040, 'William Redfield'),
(7502, 'Robert Ruth'),
(9043, 'William Sadler'),
(7180, 'Ricco Ross'),
(4831, 'Kathleen Quinlan'),
(9044, 'William Sanderson'),
(6371, 'Neil Giuntoli'),
(5804, 'Mary Kate Schellhardt'),
(5723, 'Mark Rolston'),
(4913, 'Ken Kells'),
(3941, 'Jeff O''Haco'),
(8154, 'Steve Giannelli'),
(6453, 'Nikki Cox'),
(6291, 'Morgana King'),
(2970, 'George  Kelly (II)'),
(7183, 'Rich Turner'),
(6373, 'Neil Innes'),
(4672, 'Juan A. Riojas'),
(7265, 'Richard Kiley'),
(8319, 'Talia Shire'),
(4593, 'Jonny Lee Miller'),
(6376, 'Neil Summers'),
(4594, 'Jophery C. Brown'),
(2974, 'George ''Buck'' Flower'),
(7268, 'Richard L. Duran'),
(4919, 'Ken Magee'),
(6297, 'Morton Kondracke'),
(4677, 'Judd Hirsch'),
(5488, 'Lyman Ward'),
(2979, 'George C. Scott'),
(2899, 'Gary Houston'),
(653, 'Ben Bode'),
(576, 'B.D. Wong'),
(8322, 'Tam White'),
(6702, 'Paul Calderon'),
(5811, 'Mary McDonnell'),
(7432, 'Robert Duvall'),
(7270, 'Richard Le Parmentier'),
(5731, 'Mark Wheeler'),
(4840, 'Kathryn Mullen'),
(7271, 'Richard Leaf'),
(5570, 'Marc Coppola'),
(6381, 'Nelson Mashita'),
(4680, 'Jude Ciccolella'),
(5734, 'Marla Sucharetza'),
(3952, 'Jeffrey DeMunn'),
(3791, 'Jana Marie Hupp'),
(6627, 'Patrick  Magee (I)'),
(4845, 'Kathy Bates'),
(5575, 'Marc McClure'),
(4846, 'Kathy Griffin'),
(6467, 'Noel Evangelisti'),
(5739, 'Marlon Brando'),
(5658, 'Marina Sirtis'),
(2985, 'George Christy'),
(823, 'Billy Crystal'),
(663, 'Ben Marley'),
(745, 'Bill  Raymond (I)'),
(826, 'Billy Dee Williams'),
(827, 'Billy Devlin'),
(7600, 'Ron  Rondell (II)'),
(9060, 'Willie Garson'),
(7603, 'Ron  Young (I)'),
(7522, 'Robert Winley'),
(9062, 'Willoughby Gray'),
(8414, 'Thom Barry'),
(6390, 'Niall O''Brien'),
(5823, 'Marya Small'),
(8173, 'Steve Rankin'),
(7444, 'Robert Haley'),
(5905, 'Meadow Williams'),
(7283, 'Richard Oldfield'),
(2990, 'George DiCenzo'),
(8418, 'Thomas  Crawford (I)'),
(8175, 'Steve Reevis'),
(7285, 'Richard Portnow'),
(6394, 'Nicholas Cascone'),
(5746, 'Marshall R. Teague'),
(4936, 'Kenneth Colley'),
(9069, 'Wolf Kahler'),
(4857, 'Keenan Wynn'),
(4859, 'Keir Dullea'),
(3968, 'Jenette Goldstein'),
(750, 'Bill Bolender'),
(912, 'Bokeem Woodbine'),
(671, 'Benicio Del Toro'),
(590, 'Barbara Coles'),
(838, 'Billy Zane'),
(7612, 'Ron Donachie'),
(6721, 'Paul Henreid'),
(4860, 'Keith  Allen (I)'),
(7453, 'Robert J. Stephenson'),
(7291, 'Richard Roundtree'),
(8426, 'Thomas F. Duffy'),
(6482, 'Norman Alden'),
(8427, 'Thomas F. Wilson'),
(6645, 'Patrick McGoohan'),
(4782, 'Karen Allen'),
(7294, 'Richard Schiff'),
(8348, 'Ted Grossman'),
(8186, 'Steven  Wright (I)'),
(6809, 'Pete Postlethwaite'),
(8188, 'Steven Berkoff'),
(7297, 'Richard Speight Jr.'),
(5758, 'Martin Ferrero'),
(4948, 'Kenneth Utt'),
(6488, 'Norman Chancer'),
(3896, 'Jean Speegle Howard'),
(4789, 'Karen Maruyama'),
(844, 'Blain Fairman'),
(764, 'Bill Dalzell III'),
(1000, 'Brian Libby'),
(927, 'Brad Dourif'),
(1001, 'Brian Markinson'),
(687, 'Bernard  Fox (I)'),
(769, 'Bill Graham'),
(8351, 'Ted Levine'),
(5921, 'Mel Gibson'),
(9081, 'Xander Berkeley'),
(7380, 'Robert  Beatty (I)'),
(4950, 'Kenny  Baker (I)'),
(8353, 'Ted Markland'),
(7705, 'Rudy Bond'),
(7624, 'Ron Pitts'),
(7462, 'Robert Krantz'),
(5923, 'Mel Smith'),
(8435, 'Thomas J. Hageboeck'),
(8273, 'Susan Vidler'),
(7382, 'Robert  Carlyle (I)'),
(5762, 'Martin Jarvis'),
(6816, 'Peter  Greene (I)'),
(6654, 'Patrick Stewart'),
(6736, 'Paul Lazar'),
(7547, 'Robin Wright'),
(6737, 'Paul LeClair'),
(5684, 'Mark  Thompson (II)'),
(9087, 'Yaphet Kotto'),
(5847, 'Matt Ross'),
(5766, 'Martin Murphy'),
(5769, 'Martin Serene'),
(931, 'Brad Pitt'),
(692, 'Bernard Hill'),
(694, 'Bernard Horsfall'),
(859, 'Bob  Collins (III)'),
(8601, 'Tom Towles'),
(6902, 'Peter Schrum'),
(6821, 'Peter  Mayhew (II)'),
(6741, 'Paul Mantee'),
(7633, 'Ron Vawter'),
(6904, 'Peter Sellers'),
(5770, 'Martin Sheen'),
(7472, 'Robert Loggia'),
(6906, 'Peter Stormare'),
(5691, 'Mark Boone Jr.'),
(7717, 'Rupert Vansittart'),
(6745, 'Paul McCrane'),
(8366, 'Tere Livrano'),
(7556, 'Rocky Taylor'),
(7394, 'Robert  Patrick (I)'),
(6665, 'Patti Yasutake'),
(4965, 'Kerry Rossall'),
(5695, 'Mark Christopher Lawrence'),
(8288, 'Suzy Amis'),
(6668, 'Patty Raya'),
(4968, 'Kevin  Allen (I)'),
(863, 'Bob  Peck (I)'),
(864, 'Bob Adrian'),
(1022, 'Brigitte Kahn'),
(1025, 'Brion James'),
(7800, 'Sam Whipple'),
(8530, 'Todd Hallowell'),
(8612, 'Tommy Flanagan'),
(7640, 'Ronald Lacey'),
(8532, 'Todd Louiso'),
(6670, 'Paul  Freeman (I)'),
(8616, 'Tommy Lafitte'),
(6834, 'Peter Brocco'),
(6754, 'Paul Raczkowski'),
(6755, 'Paul Reiser'),
(6674, 'Paul  Maxwell (I)'),
(6593, 'Pat McNamara'),
(5864, 'Matthew Scurfield'),
(4973, 'Kevin  Thompson (III)'),
(8538, 'Tom  Mason (I)'),
(8295, 'Sydney Greenstreet'),
(6837, 'Peter Bull'),
(8296, 'Sydney Lassick'),
(4975, 'Kevin Bacon'),
(6598, 'Pat Roach'),
(1110, 'Buzz Kilman'),
(794, 'Bill Paxton'),
(795, 'Bill Pullman'),
(1113, 'Byron Minns'),
(877, 'Bob Gunton'),
(1033, 'Bronagh Gallagher'),
(959, 'Brenda Hillhouse'),
(878, 'Bob Harks'),
(797, 'Bill Reimbold'),
(1038, 'Brooke Smith'),
(7810, 'Samuel L. Jackson'),
(8621, 'Tommy Thomas'),
(8382, 'Terrence Evans'),
(7653, 'Rosalind Ayres'),
(6924, 'Phil Kelly'),
(4980, 'Kevin Cooney'),
(7735, 'Rutger Hauer'),
(7492, 'Robert Picardo'),
(6845, 'Peter Cook'),
(8548, 'Tom  Wood (II)'),
(7657, 'Rosanna Arquette'),
(7577, 'Roger Corman'),
(6848, 'Peter Crombie'),
(8388, 'Terry Forrestal'),
(964, 'Brendan  Kelly (I)'),
(1120, 'C.J. Bau'),
(1202, 'Carol Kane'),
(967, 'Brendan Gleeson'),
(1045, 'Bruce  Wright (I)'),
(7903, 'Sean McGinley'),
(6850, 'Peter Cushing'),
(8390, 'Terry Gilliam'),
(6851, 'Peter Dobson'),
(5960, 'Michael  Bates (I)'),
(8472, 'Tim Kelleher'),
(8391, 'Terry Jones'),
(6690, 'Paul Bartel'),
(7746, 'Ryan Holihan'),
(4993, 'Kevin Mangan'),
(6938, 'Philip  Roth (II)'),
(8397, 'Terry Richards'),
(6939, 'Philip  Stone (I)'),
(970, 'Brent Hinkley'),
(972, 'Brent Spiner'),
(893, 'Bob Penny'),
(975, 'Brett Cullen'),
(1050, 'Bruce Boa'),
(976, 'Brett Rice'),
(1051, 'Bruce Bohne'),
(977, 'Brian  Cox (III)'),
(1136, 'Cameron Thor'),
(1139, 'Camilla Overbye Roos'),
(8720, 'Tudor Sherrard'),
(7913, 'Sean Young'),
(8562, 'Tom Hanks'),
(8481, 'Tim Robbins'),
(6861, 'Peter Falk'),
(8725, 'Tutte Lemkow'),
(7753, 'S. Epatha Merkerson'),
(8483, 'Tim Roth'),
(7592, 'Rohn Thomas'),
(5892, 'Max Elliott Slade'),
(7756, 'Sachi Parker'),
(7676, 'Ross Bagley'),
(5894, 'Max Grodnchik'),
(984, 'Brian Brophy'),
(2111, 'Diane Baker'),
(1222, 'Carrie Fisher'),
(1060, 'Bruce Kirkpatrick'),
(1224, 'Cary Elwes'),
(2034, 'Delos V. Smith Jr.'),
(989, 'Brian Delate'),
(2116, 'Diane Keaton'),
(8735, 'Uma Thurman'),
(6873, 'Peter Kent'),
(8656, 'Tony Giorgio'),
(7765, 'Sally Field'),
(7767, 'Sally Kinghorne'),
(6879, 'Peter Lorre'),
(2040, 'Denholm Elliott'),
(2121, 'Diane Rodriguez'),
(1231, 'Casey Siemaszko'),
(2203, 'Don Fellows'),
(2204, 'Don Fischer'),
(1071, 'Bruce Willis'),
(2044, 'Denis Lawson'),
(1155, 'Carl Bressler'),
(1236, 'Castulo Guerra'),
(1159, 'Carl Duering'),
(7930, 'Shane Rimmer'),
(7770, 'Sally Wingert'),
(7933, 'Shannon Wilcox'),
(8908, 'Warren Clarke'),
(7937, 'Sharon Anderson'),
(7856, 'Sayed Badreya'),
(7775, 'Sam  Anderson (I)'),
(7857, 'Scatman Crothers'),
(7777, 'Sam Bottoms'),
(7697, 'Rozwill Young'),
(5997, 'Michael Berryman'),
(5998, 'Michael Biehn'),
(3100, 'Glenn Beck'),
(1400, 'Chris Isaak'),
(2212, 'Don Lake'),
(2132, 'Dick Cavett'),
(1323, 'Charles Napier'),
(2052, 'Denney Pierce'),
(1406, 'Chris Penn'),
(2217, 'Don McManus'),
(1084, 'Buck Kartalian'),
(8911, 'Warren Keith'),
(8832, 'Vincent Schiavelli'),
(6891, 'Peter Mullan'),
(8838, 'Ving Rhames'),
(8757, 'Van Ling'),
(8597, 'Tom Skerritt'),
(7788, 'Sam Neill'),
(1410, 'Chris Sarandon'),
(1331, 'Charles Techman'),
(1413, 'Christian Clemenson'),
(2304, 'Douglas Rain'),
(4006, 'Jeremy Sinden'),
(2146, 'Dick Stilwell'),
(3118, 'Gloria Stuart'),
(2229, 'Don Stanton'),
(1098, 'Burnell Tucker'),
(8920, 'Wayne A. Evenson'),
(1099, 'Burr Steers'),
(8761, 'Vanessa J. Wells'),
(8680, 'Tony Simotes'),
(8924, 'Wayne Duvall'),
(8683, 'Tony Todd'),
(8684, 'Tony Vogel'),
(7874, 'Scott Glenn'),
(8928, 'Wayne Knight'),
(8767, 'Venessia Valentino'),
(7959, 'Shay Duffin'),
(2230, 'Don Stark'),
(3121, 'Godfrey Quigley'),
(1421, 'Christine Devine'),
(3123, 'Googy Gress'),
(1423, 'Christine Estabrook'),
(2071, 'Dennis Hopper'),
(2233, 'Donal Gibson'),
(1181, 'Carlos Lacamara'),
(1505, 'Clair Forlani'),
(3125, 'Gordon Greene'),
(1345, 'Charlotte Chatton'),
(3046, 'Gerald R. Molen'),
(8850, 'Vito D''Ambrosio'),
(8851, 'Vito Scotti'),
(8691, 'Tracey Walter'),
(8935, 'Wendie Jo Sperber'),
(8857, 'Vivica A. Fox'),
(7966, 'Sheila Raynor'),
(8777, 'Veronica Cartwright'),
(8697, 'Tracy Reed'),
(7968, 'Shelagh Fraser'),
(8698, 'Tracy Reiner'),
(12, 'Abdul Salaam El Razzac'),
(13, 'Abe Vigoda'),
(4020, 'Jerry Dunphy'),
(4101, 'Jim Palmer'),
(4102, 'Jim Piddock'),
(4103, 'Jim Roche'),
(2241, 'Donald Fullilove'),
(19, 'Adam Baldwin'),
(2323, 'Duffy Gaver'),
(3052, 'Gerard G. Williams'),
(1515, 'Clancy Brown'),
(3054, 'Gerard McSorley'),
(3216, 'Gwenda Deacon'),
(4027, 'Jerry Harte'),
(3218, 'Gwyneth Paltrow'),
(1357, 'Chazz Palminteri'),
(2089, 'Derek Kim'),
(1199, 'Carol Cleveland'),
(8781, 'Vic Tablian'),
(7892, 'Sean  Sullivan (I)'),
(8946, 'Wendy L. Walsh'),
(7896, 'Sean Connery'),
(5000, 'Kevin Pollak'),
(3301, 'Harve Presnell'),
(2411, 'Eddie Tagoe'),
(5003, 'Kevin Sifuentes'),
(5004, 'Kevin Spacey'),
(3304, 'Harvey Fierstein'),
(5005, 'Kevin Thigpen'),
(1280, 'Charles A. Tamburro'),
(2090, 'Derek Webster'),
(3144, 'Graham Chapman'),
(2254, 'Donald Zinn'),
(4117, 'Jimmy Keogh'),
(3227, 'Hal Galili'),
(3308, 'Harvey Keitel'),
(4038, 'Jerry Ziesmer'),
(3067, 'Giancarlo Esposito'),
(3069, 'Gianni Russo'),
(8792, 'Victor Garber'),
(8875, 'Wallace Shawn'),
(30, 'Adam Scott'),
(4201, 'Joe Morton'),
(2340, 'Dwight Hicks'),
(1531, 'Claude Rains'),
(2341, 'Dwight Marfield'),
(38, 'Adelle Lutz'),
(1453, 'Christopher Guest'),
(3317, 'Hawthorne James'),
(3156, 'Granville ''Danny'' Young'),
(2185, 'Dominique Jennings'),
(1457, 'Christopher John Fields'),
(2189, 'Don  Henderson (II)'),
(106, 'Alan Polonsky'),
(8961, 'Whitby Hertford'),
(7994, 'Shirley Henderson'),
(5102, 'Lamont Arnold'),
(45, 'Adrienne Corri'),
(1621, 'Courtney Gains'),
(4213, 'Joe Savino'),
(47, 'Afemo Omilami'),
(2432, 'Edward Bunker'),
(3161, 'Greg Collins'),
(1704, 'Dan Stanton'),
(2433, 'Edward Furlong'),
(1462, 'Christopher Lloyd'),
(4216, 'Joe Spano'),
(1625, 'Craig  Kelly (II)'),
(1464, 'Christopher Malcolm'),
(5109, 'Lance Henriksen'),
(1467, 'Christopher Meloni'),
(2196, 'Don Blakely'),
(2358, 'Earl Boen'),
(2197, 'Don Brockett'),
(8971, 'Will Hare'),
(8978, 'Will Sampson'),
(8979, 'Will Smith'),
(8899, 'Walter von Huene'),
(4221, 'Joe Turkel'),
(6005, 'Michael Burgess'),
(2441, 'Edward James Olmos'),
(6006, 'Michael Byrne'),
(3333, 'Heidi Schanz'),
(4143, 'Joanna Cassidy'),
(1634, 'Crispin Glover'),
(1474, 'Christopher Plummer'),
(1556, 'Clint Howard'),
(1394, 'Chris Ellis'),
(1639, 'Cully Fredricksen'),
(1559, 'Clive Merrison'),
(121, 'Albert Hall'),
(1479, 'Christopher Walken'),
(8983, 'Willem Dafoe'),
(5200, 'Lee Golden'),
(5040, 'Kimberly Beck'),
(3340, 'Helen Horton'),
(5203, 'Lee McCain'),
(1640, 'Curt Bois'),
(1560, 'Clive Revill'),
(3506, 'Irma St. Paule'),
(5126, 'Larry Brandenburg'),
(1806, 'Daryl Hannah'),
(3426, 'Howard Platt'),
(5046, 'Kiran Shah'),
(5208, 'Lee Ross'),
(2536, 'Elsa Raven'),
(5048, 'Kirk Baltz'),
(2538, 'Elston Ridgle'),
(4239, 'Joey Perillo'),
(2377, 'Ed Harris'),
(1486, 'Chuck Aber'),
(210, 'Alison Waddell'),
(1569, 'Colette Hiller'),
(134, 'Alec Guinness'),
(6100, 'Michael Palin'),
(4320, 'John Bennett Perry'),
(6023, 'Michael Culver'),
(74, 'Al Martino'),
(75, 'Al Matthews'),
(3270, 'Harris Savides'),
(5052, 'Kirk Ward'),
(2705, 'Frances  Fisher (I)'),
(77, 'Al Pacino'),
(3272, 'Harrison Ford'),
(6108, 'Michael Reid MacKay'),
(3192, 'Gregory Sporleder'),
(4164, 'Jodie Foster'),
(4407, 'John Horton'),
(1574, 'Colin Firth'),
(2547, 'Emily Ann Lloyd'),
(3519, 'Ishaq Bux'),
(4168, 'Joe Alaskey'),
(220, 'Allan Kolman'),
(146, 'Alex Coleman'),
(5220, 'Leib Lensky'),
(6031, 'Michael Dorn'),
(2710, 'Frances McDormand'),
(4411, 'John Hurt'),
(4331, 'John C. McGinley'),
(3603, 'Jack Nicholson'),
(7006, 'Quentin Tarantino'),
(1822, 'David  Andrews (I)'),
(5305, 'Liisa Repo-Martell'),
(1580, 'Colleen Camp'),
(3443, 'Hugh Ross'),
(1824, 'David  Brisbin (I)'),
(4335, 'John Capodice'),
(6037, 'Michael Ensign'),
(3526, 'Ivy Bethune'),
(5227, 'Leland Orser'),
(2555, 'Endre Hules'),
(3284, 'Harry Connick Jr.'),
(4337, 'John Carroll Lynch'),
(4418, 'John Kavanagh'),
(2718, 'Franco Citti'),
(2475, 'Eleanor Clift'),
(3285, 'Harry Dean Stanton'),
(3528, 'Jrgen Prochnow'),
(3609, 'Jack Purvis'),
(5067, 'Kristin Scott Thomas'),
(2557, 'Ennalls Berl'),
(3448, 'Humphrey Bogart'),
(1748, 'Daniel Zacapa'),
(1586, 'Connie Booth'),
(4097, 'Jim Meskimen'),
(1749, 'Daniel von Bargen'),
(156, 'Alex Norton'),
(157, 'Alex Rocco'),
(7010, 'R. Lee Ermey'),
(6201, 'Mike Jolly'),
(3611, 'Jack Shearer'),
(4340, 'John Cassini'),
(6123, 'Michael Sheard'),
(4341, 'John Cazale'),
(4422, 'John Laughlin'),
(3613, 'Jack Thibeau'),
(5233, 'Lennie Loftin'),
(4424, 'John Lees'),
(5154, 'Laura Dern'),
(5235, 'Lenny Montana'),
(6208, 'Mike Muscat'),
(6127, 'Michael Sottile'),
(2563, 'Eric Braeden'),
(4345, 'John Cleese'),
(2726, 'Frank  Marshall (I)'),
(2645, 'Ewan McGregor'),
(3455, 'Ian Bannen'),
(4184, 'Joe Fowler'),
(4265, 'John  Hollis (I)'),
(4346, 'John Clive'),
(4508, 'John Short'),
(2727, 'Frank  Miller (I)'),
(2646, 'Ewan Stewart'),
(3294, 'Harry Northup'),
(2647, 'Ewen Bremner'),
(1837, 'David  Morse (I)'),
(2567, 'Eric Clark'),
(1838, 'David  Pressman (I)'),
(3297, 'Harry Waters Jr.'),
(244, 'Alonzo Brown'),
(406, 'Anne Fletcher'),
(246, 'Alun Armstrong'),
(7100, 'Ray McKinnon'),
(4510, 'John Spencer'),
(7022, 'Rachel Schadt'),
(3703, 'James Duval'),
(5161, 'Laura Lovelace'),
(5323, 'Linda Hamilton'),
(2570, 'Eric Idle'),
(1841, 'David  Warner (I)'),
(3704, 'James Earl Jones'),
(6216, 'Miko Hughes'),
(6054, 'Michael Gover'),
(3462, 'Ian Holm'),
(3463, 'Ian Liston'),
(4435, 'John M. Mathews'),
(4516, 'John Storey'),
(2816, 'Frederic Forrest'),
(1763, 'Danny Darst'),
(1682, 'Damien Leake'),
(2817, 'Frederic W. Barnes'),
(1764, 'Danny DeVito'),
(5328, 'Linda Kaye'),
(3547, 'J.J. Cohen'),
(5329, 'Linda Kerns'),
(4278, 'John  McLaughlin (I)'),
(5169, 'Lauren Roselli'),
(257, 'Amanda Plummer'),
(258, 'Amanda Walker'),
(7112, 'Raymond Coulthard'),
(6140, 'Michael Winther'),
(4520, 'John Travolta'),
(2820, 'Frederick Strother'),
(2740, 'Frank Cavestani'),
(4441, 'John Marley'),
(2903, 'Gary Lee Davis'),
(1932, 'David Proval'),
(1851, 'David Bowe'),
(4281, 'John  Morton (I)'),
(7117, 'Raymond O''Connor'),
(2581, 'Eric Stoltz'),
(1933, 'David Prowse'),
(5173, 'Laurence Fishburne'),
(6065, 'Michael J. Fox'),
(4526, 'John Voldstad'),
(1692, 'Dan Butler'),
(4527, 'John Walcutt'),
(6068, 'Michael Jace'),
(1776, 'Danny Nucci'),
(1695, 'Dan Hedaya'),
(5259, 'Leonard Rossiter'),
(2588, 'Erik Holland'),
(1697, 'Dan Lauria'),
(503, 'Ariana Richards'),
(261, 'Amber Waddell'),
(180, 'Alexis Arquette'),
(424, 'Annette Helde'),
(427, 'Annie Golden'),
(184, 'Alfonso Freeman'),
(185, 'Alfre Woodard'),
(189, 'Alfred Molina'),
(8011, 'Sigourney Weaver'),
(6310, 'Mykelti Williamson'),
(5501, 'M. Emmet Walsh'),
(7203, 'Richard Attenborough'),
(7122, 'Read Morgan'),
(2911, 'Gary Riley'),
(4612, 'Josef Pilato'),
(8015, 'Simon  Jones (I)'),
(7043, 'Ralph Fiennes'),
(3722, 'James Hong'),
(4370, 'John Dullaghan'),
(2913, 'Gary Sinise'),
(2751, 'Frank Gorshin'),
(1941, 'David S. Lomax'),
(3561, 'Jack  Ford (III)'),
(3804, 'Jane Jenkins'),
(5181, 'Lawrence Bender'),
(3563, 'Jack  McKenzie (I)'),
(4373, 'John Enos'),
(1782, 'Dant McCarthy'),
(3564, 'Jack  Moore (IV)'),
(2917, 'Gates McFadden'),
(3727, 'James Kisicki'),
(5185, 'Lawrence T. Wrentz'),
(5266, 'Leonardo DiCaprio'),
(5186, 'Lawrence Tierney'),
(5267, 'Leonid Kinskey'),
(5348, 'Lisa Freeman'),
(4297, 'John  Young (I)'),
(2759, 'Frank Medrano'),
(2679, 'Finlay Welsh'),
(3489, 'Ingo Neuhaus'),
(515, 'Arnold Schwarzenegger'),
(355, 'Angus MacInnes');

-- --------------------------------------------------------

--
-- Estructura de tabla para la tabla `Casting`
--

DROP TABLE IF EXISTS `Casting`;
CREATE TABLE IF NOT EXISTS `Casting` (
  `MovieID` int(11) NOT NULL,
  `ActorId` int(11) NOT NULL,
  `Ordinal` int(11) default NULL,
  PRIMARY KEY  (`ActorId`,`MovieID`)
);

--
-- Volcado de datos para la tabla `Casting`
--

INSERT INTO `Casting` (`MovieID`, `ActorId`, `Ordinal`) VALUES
(910, 8036, 7),
(39, 8036, 7),
(16, 515, 1),
(39, 515, 1),
(48, 515, 1),
(94, 515, 1),
(180, 515, 1),
(263, 515, 1),
(321, 515, 1),
(334, 515, 1),
(410, 515, 38),
(440, 515, 1),
(471, 515, 1),
(629, 515, 1),
(746, 515, 1),
(932, 515, 1),
(960, 515, 1),
(1106, 515, 1),
(1339, 515, 1),
(1551, 515, 1),
(1622, 515, 1),
(1644, 515, 2),
(793, 7975, 2),
(910, 7975, 1),
(975, 7975, 3),
(1353, 7975, 2),
(16, 12, 39),
(23, 13, 11),
(8, 19, 11),
(19, 30, 16),
(14, 38, 28),
(31, 45, 6),
(12, 47, 53),
(23, 74, 16),
(13, 75, 9),
(23, 77, 2),
(13, 106, 19),
(28, 121, 5),
(1, 134, 5),
(6, 134, 10),
(14, 146, 42),
(5, 156, 27),
(23, 157, 22),
(2, 180, 43),
(7, 184, 21),
(24, 184, 25),
(19, 185, 8),
(10, 189, 7),
(19, 197, 10),
(4, 210, 53),
(24, 220, 20),
(34, 244, 4),
(5, 246, 24),
(2, 257, 2),
(33, 258, 39),
(4, 261, 54),
(14, 290, 44),
(1, 355, 19),
(4, 406, 96),
(19, 424, 24),
(21, 427, 58),
(21, 440, 23),
(10, 445, 19),
(26, 446, 46),
(8, 447, 65),
(1, 448, 6),
(6, 448, 5),
(26, 456, 59),
(14, 457, 6),
(10, 458, 9),
(14, 459, 11),
(31, 478, 18),
(32, 503, 9),
(30, 545, 55),
(31, 555, 13),
(30, 565, 52),
(32, 576, 7),
(13, 590, 22),
(4, 612, 80),
(5, 618, 22),
(18, 643, 10),
(30, 653, 36),
(30, 663, 13),
(9, 671, 3),
(4, 687, 27),
(4, 692, 6),
(5, 694, 46),
(9, 703, 32),
(15, 712, 17),
(21, 745, 10),
(7, 750, 43),
(14, 764, 45),
(28, 769, 31),
(4, 794, 10),
(13, 794, 6),
(30, 794, 3),
(8, 795, 2),
(10, 797, 13),
(8, 800, 18),
(15, 823, 13),
(6, 826, 4),
(26, 827, 31),
(4, 838, 3),
(25, 838, 14),
(13, 844, 21),
(24, 859, 15),
(32, 863, 5),
(21, 864, 7),
(7, 877, 3),
(12, 878, 45),
(12, 893, 10),
(26, 912, 12),
(34, 927, 30),
(21, 931, 18),
(24, 931, 4),
(2, 959, 26),
(26, 964, 15),
(5, 967, 6),
(14, 970, 40),
(8, 972, 12),
(19, 972, 3),
(30, 975, 10),
(12, 976, 33),
(5, 977, 19),
(7, 984, 53),
(7, 989, 34),
(7, 1000, 12),
(30, 1001, 50),
(6, 1022, 37),
(3, 1025, 8),
(2, 1033, 12),
(14, 1038, 17),
(30, 1045, 71),
(6, 1050, 25),
(20, 1051, 22),
(21, 1060, 15),
(2, 1071, 9),
(21, 1071, 2),
(26, 1084, 64),
(6, 1098, 38),
(2, 1099, 8),
(27, 1099, 23),
(14, 1110, 50),
(12, 1113, 71),
(19, 1120, 26),
(32, 1136, 14),
(4, 1139, 31),
(9, 1155, 12),
(31, 1159, 7),
(8, 1181, 35),
(18, 1199, 8),
(15, 1202, 12),
(1, 1222, 3),
(6, 1222, 3),
(15, 1224, 1),
(25, 1231, 13),
(9, 1236, 30),
(16, 1236, 8),
(16, 1280, 42),
(24, 1280, 55),
(14, 1323, 34),
(21, 1331, 32),
(4, 1345, 26),
(9, 1357, 6),
(30, 1394, 23),
(14, 1400, 46),
(27, 1406, 4),
(15, 1410, 3),
(30, 1413, 9),
(8, 1421, 79),
(9, 1423, 15),
(15, 1453, 4),
(30, 1457, 39),
(32, 1457, 15),
(25, 1462, 2),
(34, 1462, 17),
(6, 1464, 26),
(21, 1467, 49),
(21, 1474, 45),
(2, 1479, 27),
(14, 1486, 21),
(26, 1505, 18),
(7, 1515, 5),
(17, 1531, 4),
(30, 1556, 12),
(33, 1559, 10),
(6, 1560, 15),
(13, 1569, 12),
(33, 1574, 6),
(28, 1580, 19),
(18, 1586, 7),
(25, 1621, 26),
(4, 1625, 45),
(25, 1634, 4),
(19, 1639, 31),
(17, 1640, 14),
(28, 1682, 24),
(14, 1692, 26),
(9, 1695, 10),
(8, 1697, 32),
(16, 1704, 28),
(24, 1748, 3),
(14, 1749, 47),
(14, 1763, 38),
(34, 1764, 7),
(4, 1776, 8),
(26, 1776, 17),
(12, 1782, 55),
(3, 1806, 6),
(30, 1822, 7),
(12, 1824, 37),
(21, 1837, 31),
(26, 1837, 5),
(8, 1838, 28),
(4, 1841, 9),
(26, 1851, 21),
(14, 1875, 43),
(5, 1880, 56),
(25, 1889, 40),
(7, 1932, 13),
(1, 1933, 9),
(6, 1933, 6),
(31, 1933, 25),
(20, 1941, 31),
(27, 1950, 12),
(16, 1976, 33),
(32, 1977, 17),
(16, 1981, 41),
(34, 2034, 28),
(10, 2040, 6),
(1, 2044, 16),
(6, 2044, 27),
(16, 2052, 45),
(28, 2071, 8),
(8, 2089, 73),
(8, 2090, 54),
(14, 2111, 31),
(23, 2116, 10),
(16, 2121, 37),
(12, 2132, 89),
(12, 2146, 80),
(24, 2185, 19),
(1, 2189, 22),
(2, 2196, 33),
(14, 2197, 8),
(10, 2203, 11),
(12, 2204, 46),
(19, 2204, 33),
(16, 2212, 21),
(7, 2217, 35),
(16, 2229, 27),
(19, 2230, 30),
(5, 2233, 36),
(25, 2241, 16),
(7, 2254, 36),
(11, 2304, 9),
(24, 2323, 57),
(26, 2323, 25),
(26, 2340, 44),
(34, 2341, 18),
(16, 2358, 5),
(26, 2377, 3),
(30, 2377, 5),
(10, 2411, 31),
(27, 2432, 9),
(16, 2433, 3),
(3, 2441, 4),
(8, 2475, 95),
(4, 2536, 49),
(25, 2536, 19),
(8, 2538, 60),
(30, 2547, 18),
(24, 2555, 12),
(30, 2555, 45),
(16, 2557, 20),
(4, 2563, 25),
(2, 2567, 20),
(18, 2570, 3),
(2, 2581, 14),
(4, 2588, 75),
(22, 2645, 1),
(4, 2646, 18),
(22, 2647, 2),
(22, 2679, 25),
(4, 2705, 5),
(20, 2710, 20),
(23, 2718, 33),
(10, 2726, 28),
(11, 2727, 10),
(30, 2740, 83),
(21, 2751, 22),
(7, 2759, 24),
(9, 2759, 21),
(8, 2761, 23),
(6, 2764, 9),
(14, 2769, 9),
(2, 2778, 7),
(14, 2780, 7),
(28, 2816, 4),
(8, 2817, 94),
(21, 2820, 20),
(28, 2842, 9),
(9, 2845, 2),
(30, 2848, 38),
(1, 2864, 17),
(20, 2899, 7),
(7, 2903, 29),
(25, 2911, 35),
(12, 2913, 3),
(30, 2913, 4),
(19, 2917, 6),
(14, 2930, 22),
(24, 2930, 22),
(12, 2954, 83),
(30, 2954, 31),
(10, 2969, 30),
(12, 2970, 9),
(25, 2974, 37),
(35, 2979, 2),
(24, 2985, 11),
(25, 2990, 9),
(32, 3046, 12),
(16, 3052, 25),
(5, 3054, 45),
(9, 3067, 9),
(23, 3069, 13),
(35, 3100, 12),
(4, 3118, 11),
(31, 3121, 14),
(30, 3123, 25),
(7, 3125, 20),
(18, 3144, 1),
(25, 3156, 39),
(8, 3161, 53),
(26, 3161, 14),
(26, 3192, 10),
(16, 3216, 26),
(24, 3218, 5),
(35, 3227, 15),
(24, 3270, 47),
(1, 3272, 2),
(3, 3272, 1),
(6, 3272, 2),
(10, 3272, 1),
(28, 3272, 10),
(8, 3284, 20),
(29, 3285, 4),
(14, 3294, 51),
(25, 3297, 15),
(20, 3301, 5),
(8, 3304, 10),
(2, 3308, 45),
(27, 3308, 1),
(24, 3317, 13),
(24, 3333, 49),
(29, 3340, 9),
(26, 3426, 38),
(22, 3443, 22),
(17, 3448, 1),
(5, 3455, 8),
(29, 3462, 6),
(6, 3463, 30),
(26, 3489, 35),
(17, 3490, 2),
(21, 3506, 12),
(10, 3519, 23),
(25, 3526, 21),
(33, 3528, 8),
(25, 3547, 12),
(26, 3561, 42),
(6, 3563, 32),
(8, 3564, 62),
(30, 3580, 69),
(35, 3581, 9),
(34, 3603, 21),
(1, 3609, 12),
(6, 3609, 12),
(9, 3611, 14),
(19, 3611, 17),
(28, 3613, 21),
(28, 3668, 14),
(14, 3676, 19),
(23, 3682, 3),
(26, 3687, 60),
(5, 3691, 12),
(22, 3691, 8),
(19, 3695, 9),
(24, 3698, 53),
(8, 3703, 13),
(35, 3704, 7),
(3, 3722, 11),
(7, 3727, 49),
(4, 3731, 48),
(8, 3754, 9),
(30, 3757, 41),
(25, 3767, 11),
(7, 3772, 8),
(25, 3777, 30),
(8, 3791, 43),
(30, 3804, 59),
(4, 3832, 17),
(25, 3836, 24),
(25, 3841, 22),
(8, 3854, 40),
(30, 3896, 21),
(23, 3915, 27),
(8, 3932, 3),
(32, 3932, 3),
(25, 3941, 28),
(7, 3952, 9),
(4, 3968, 30),
(13, 3968, 8),
(16, 3968, 10),
(1, 4006, 20),
(8, 4020, 96),
(6, 4027, 33),
(28, 4038, 11),
(30, 4097, 33),
(16, 4101, 24),
(8, 4102, 93),
(14, 4103, 16),
(5, 4117, 54),
(3, 4143, 10),
(14, 4164, 1),
(12, 4168, 95),
(8, 4184, 68),
(16, 4201, 6),
(5, 4213, 55),
(30, 4216, 16),
(3, 4221, 9),
(21, 4239, 14),
(6, 4265, 11),
(8, 4278, 99),
(6, 4281, 29),
(18, 4297, 11),
(8, 4320, 36),
(24, 4331, 26),
(26, 4331, 9),
(8, 4335, 52),
(20, 4337, 21),
(24, 4340, 6),
(23, 4341, 14),
(18, 4345, 2),
(31, 4346, 5),
(30, 4370, 78),
(26, 4373, 61),
(7, 4407, 19),
(29, 4411, 5),
(5, 4418, 23),
(26, 4422, 36),
(13, 4424, 24),
(30, 4435, 84),
(23, 4441, 7),
(5, 4461, 41),
(26, 4462, 40),
(17, 4482, 12),
(7, 4483, 45),
(6, 4486, 31),
(10, 4487, 5),
(31, 4497, 17),
(30, 4508, 35),
(26, 4510, 4),
(8, 4516, 22),
(2, 4520, 4),
(12, 4526, 59),
(4, 4527, 56),
(8, 4562, 92),
(21, 4567, 3),
(19, 4578, 2),
(4, 4580, 7),
(22, 4593, 3),
(32, 4594, 18),
(2, 4612, 21),
(32, 4630, 8),
(21, 4631, 54),
(26, 4633, 34),
(7, 4636, 14),
(34, 4662, 9),
(26, 4672, 33),
(8, 4677, 5),
(7, 4680, 15),
(2, 4708, 46),
(6, 4714, 17),
(33, 4720, 7),
(24, 4725, 23),
(30, 4733, 81),
(19, 4734, 28),
(33, 4748, 2),
(10, 4782, 2),
(2, 4789, 36),
(21, 4803, 48),
(14, 4808, 3),
(4, 4819, 2),
(30, 4831, 6),
(6, 4840, 14),
(4, 4845, 4),
(2, 4846, 37),
(35, 4857, 4),
(11, 4859, 1),
(22, 4860, 16),
(9, 4904, 18),
(16, 4906, 13),
(26, 4913, 62),
(7, 4919, 41),
(6, 4936, 16),
(14, 4948, 25),
(1, 4950, 7),
(6, 4950, 8),
(28, 4965, 15),
(22, 4968, 17),
(3, 4973, 13),
(30, 4975, 2),
(8, 4980, 82),
(12, 4993, 26),
(9, 5000, 4),
(8, 5003, 59),
(9, 5004, 5),
(24, 5004, 30),
(21, 5005, 52),
(8, 5040, 89),
(10, 5046, 24),
(13, 5046, 26),
(27, 5048, 8),
(12, 5052, 38),
(33, 5067, 4),
(14, 5102, 53),
(13, 5109, 5),
(7, 5126, 10),
(20, 5126, 16),
(32, 5154, 2),
(2, 5161, 3),
(14, 5169, 52),
(28, 5173, 7),
(2, 5181, 47),
(27, 5181, 17),
(14, 5185, 4),
(27, 5186, 6),
(19, 5190, 4),
(25, 5191, 3),
(21, 5200, 53),
(25, 5203, 10),
(33, 5208, 19),
(14, 5220, 14),
(8, 5227, 25),
(24, 5227, 43),
(24, 5233, 35),
(23, 5235, 18),
(11, 5259, 5),
(4, 5266, 1),
(17, 5267, 13),
(1, 5284, 24),
(8, 5285, 57),
(24, 5296, 44),
(5, 5299, 50),
(33, 5305, 16),
(16, 5323, 2),
(2, 5328, 39),
(27, 5328, 18),
(4, 5329, 32),
(25, 5348, 17),
(21, 5350, 40),
(8, 5351, 15),
(21, 5361, 59),
(25, 5375, 41),
(30, 5395, 11),
(9, 5441, 20),
(30, 5445, 53),
(34, 5446, 20),
(34, 5447, 11),
(8, 5488, 64),
(3, 5501, 5),
(17, 5511, 9),
(21, 5512, 13),
(31, 5514, 16),
(8, 5525, 17),
(25, 5535, 25),
(19, 5537, 25),
(5, 5540, 57),
(31, 5544, 1),
(15, 5547, 15),
(5, 5548, 31),
(15, 5551, 2),
(28, 5570, 28),
(25, 5575, 7),
(30, 5575, 14),
(8, 5610, 8),
(11, 5618, 6),
(31, 5618, 21),
(15, 5624, 16),
(2, 5639, 35),
(19, 5658, 7),
(8, 5684, 80),
(24, 5691, 33),
(16, 5695, 46),
(1, 5703, 1),
(6, 5703, 1),
(12, 5717, 42),
(7, 5723, 7),
(13, 5723, 10),
(30, 5731, 43),
(12, 5734, 92),
(23, 5739, 1),
(28, 5739, 1),
(26, 5746, 24),
(32, 5758, 6),
(4, 5762, 34),
(5, 5766, 44),
(24, 5769, 38),
(28, 5770, 3),
(30, 5804, 17),
(8, 5811, 4),
(34, 5823, 27),
(21, 5847, 42),
(10, 5864, 16),
(30, 5892, 20),
(30, 5894, 28),
(30, 5905, 48),
(5, 5921, 1),
(15, 5923, 11),
(31, 5960, 3),
(34, 5997, 1),
(13, 5998, 3),
(26, 5998, 7),
(12, 6005, 65),
(5, 6006, 30),
(6, 6023, 19),
(19, 6031, 5),
(4, 6037, 28),
(31, 6054, 10),
(25, 6065, 1),
(12, 6068, 82),
(27, 6084, 3),
(24, 6087, 39),
(18, 6100, 6),
(24, 6108, 29),
(6, 6123, 18),
(27, 6127, 15),
(8, 6140, 47),
(32, 6179, 13),
(12, 6201, 57),
(16, 6208, 40),
(30, 6216, 19),
(8, 6254, 26),
(7, 6287, 2),
(24, 6287, 1),
(3, 6289, 12),
(23, 6291, 17),
(8, 6297, 98),
(12, 6310, 4),
(34, 6349, 12),
(19, 6357, 12),
(7, 6360, 31),
(30, 6364, 29),
(7, 6371, 11),
(18, 6373, 9),
(7, 6376, 30),
(8, 6381, 84),
(5, 6390, 49),
(4, 6394, 15),
(26, 6437, 2),
(16, 6453, 31),
(16, 6467, 30),
(25, 6482, 31),
(6, 6488, 34),
(6, 6501, 35),
(14, 6508, 29),
(6, 6520, 23),
(14, 6593, 23),
(10, 6598, 20),
(31, 6627, 2),
(5, 6645, 3),
(19, 6654, 1),
(19, 6665, 20),
(30, 6668, 68),
(10, 6670, 3),
(13, 6674, 17),
(9, 6690, 11),
(2, 6702, 11),
(17, 6721, 3),
(14, 6736, 27),
(8, 6737, 49),
(30, 6741, 80),
(7, 6745, 16),
(12, 6754, 87),
(13, 6755, 4),
(9, 6809, 7),
(2, 6816, 41),
(1, 6821, 8),
(6, 6821, 7),
(34, 6834, 2),
(35, 6837, 6),
(15, 6845, 10),
(24, 6848, 8),
(1, 6850, 4),
(12, 6851, 16),
(15, 6861, 9),
(16, 6873, 49),
(17, 6879, 7),
(5, 6891, 43),
(22, 6891, 7),
(16, 6902, 15),
(35, 6904, 1),
(20, 6906, 3),
(5, 6924, 52),
(34, 6938, 23),
(31, 6939, 19),
(2, 7006, 44),
(27, 7006, 10),
(24, 7010, 10),
(24, 7022, 48),
(33, 7043, 1),
(26, 7051, 45),
(8, 7060, 83),
(30, 7060, 58),
(8, 7076, 61),
(8, 7079, 7),
(8, 7081, 30),
(6, 7095, 36),
(30, 7100, 27),
(33, 7112, 17),
(26, 7117, 51),
(25, 7122, 32),
(4, 7130, 82),
(24, 7141, 9),
(13, 7180, 11),
(2, 7183, 31),
(27, 7183, 11),
(32, 7203, 4),
(23, 7219, 21),
(4, 7251, 22),
(32, 7265, 22),
(25, 7268, 27),
(1, 7270, 23),
(5, 7271, 47),
(6, 7283, 28),
(24, 7285, 31),
(24, 7291, 17),
(24, 7294, 52),
(8, 7297, 66),
(21, 7336, 21),
(11, 7380, 7),
(22, 7382, 5),
(16, 7394, 4),
(23, 7432, 5),
(28, 7432, 2),
(7, 7444, 38),
(24, 7453, 28),
(25, 7462, 34),
(8, 7472, 6),
(19, 7492, 14),
(2, 7502, 30),
(27, 7502, 16),
(16, 7522, 14),
(12, 7547, 2),
(15, 7547, 8),
(4, 7556, 39),
(14, 7577, 32),
(30, 7577, 64),
(7, 7592, 50),
(19, 7600, 29),
(16, 7603, 36),
(4, 7612, 24),
(8, 7624, 77),
(14, 7633, 33),
(10, 7640, 4),
(4, 7653, 35),
(2, 7657, 13),
(8, 7676, 16),
(21, 7697, 17),
(23, 7705, 15),
(5, 7717, 29),
(3, 7735, 2),
(30, 7746, 57),
(16, 7753, 7),
(25, 7756, 33),
(12, 7765, 5),
(18, 7767, 14),
(20, 7770, 8),
(12, 7775, 12),
(28, 7777, 6),
(32, 7788, 1),
(26, 7800, 54),
(2, 7810, 5),
(32, 7810, 10),
(8, 7856, 86),
(34, 7857, 5),
(14, 7874, 5),
(28, 7874, 12),
(11, 7892, 8),
(26, 7896, 1),
(5, 7903, 13),
(3, 7913, 3),
(35, 7930, 14),
(24, 7933, 51),
(20, 7937, 15),
(4, 7959, 90),
(31, 7966, 15),
(1, 7968, 11),
(22, 7994, 12),
(13, 8011, 1),
(29, 8011, 2),
(21, 8015, 8),
(23, 8026, 30),
(12, 8028, 17),
(35, 8036, 5),
(9, 8103, 1),
(21, 8105, 60),
(12, 8131, 72),
(23, 8133, 6),
(35, 8133, 3),
(20, 8139, 24),
(2, 8148, 23),
(20, 8148, 2),
(27, 8148, 5),
(8, 8154, 33),
(30, 8173, 51),
(20, 8175, 12),
(27, 8186, 20),
(31, 8188, 22),
(14, 8229, 10),
(22, 8273, 10),
(4, 8288, 13),
(9, 8288, 8),
(17, 8295, 6),
(34, 8296, 15),
(23, 8319, 12),
(5, 8322, 35),
(10, 8348, 34),
(14, 8351, 18),
(34, 8353, 19),
(23, 8366, 25),
(16, 8382, 44),
(4, 8388, 57),
(18, 8390, 4),
(18, 8391, 5),
(10, 8397, 26),
(8, 8414, 42),
(30, 8414, 54),
(30, 8418, 82),
(8, 8426, 90),
(25, 8427, 5),
(26, 8435, 43),
(8, 8472, 38),
(7, 8481, 1),
(2, 8483, 1),
(27, 8483, 2),
(30, 8530, 60),
(26, 8532, 20),
(30, 8532, 37),
(28, 8538, 17),
(30, 8548, 24),
(12, 8562, 1),
(30, 8562, 1),
(29, 8597, 1),
(26, 8601, 55),
(5, 8612, 25),
(14, 8616, 48),
(25, 8621, 38),
(23, 8656, 23),
(16, 8680, 34),
(26, 8683, 11),
(10, 8684, 33),
(14, 8691, 24),
(35, 8697, 8),
(30, 8698, 15),
(24, 8720, 32),
(10, 8725, 22),
(2, 8735, 15),
(4, 8757, 87),
(16, 8757, 48),
(8, 8761, 74),
(2, 8767, 38),
(29, 8777, 3),
(10, 8781, 10),
(4, 8792, 12),
(34, 8832, 26),
(2, 8838, 10),
(9, 8850, 23),
(23, 8851, 24),
(8, 8857, 14),
(15, 8875, 5),
(30, 8899, 49),
(31, 8908, 4),
(20, 8911, 13),
(20, 8920, 25),
(30, 8924, 32),
(32, 8928, 11),
(25, 8935, 8),
(8, 8946, 78),
(32, 8961, 16),
(25, 8971, 20),
(34, 8978, 24),
(8, 8979, 1),
(33, 8983, 3),
(34, 9005, 8),
(26, 9009, 6),
(20, 9014, 1),
(1, 9017, 18),
(10, 9017, 12),
(13, 9018, 7),
(5, 9029, 33),
(34, 9040, 22),
(7, 9043, 4),
(3, 9044, 7),
(26, 9060, 39),
(15, 9062, 14),
(10, 9069, 8),
(16, 9081, 11),
(30, 9081, 8),
(29, 9087, 7);

-- --------------------------------------------------------

--
-- Estructura de tabla para la tabla `Movie`
--

DROP TABLE IF EXISTS `Movie`;
CREATE TABLE IF NOT EXISTS `Movie` (
  `MovieID` int(11) NOT NULL,
  `Title` varchar(70) default NULL,
  `Year` int(11) default NULL,
  `Score` float default NULL,
  `Votes` int(11) default NULL,
  PRIMARY KEY  (`MovieID`)
);

--
-- Volcado de datos para la tabla `Movie`
--

INSERT INTO `Movie` (`MovieID`, `Title`, `Year`, `Score`, `Votes`) VALUES
(1, 'Star Wars', 1977, 8.9, 14182),
(2, 'Pulp Fiction', 1994, 8.4, 11693),
(3, 'Blade Runner', 1982, 8.6, 8665),
(4, 'Titanic', 1997, 9.2, 8129),
(5, 'Braveheart', 1995, 8.4, 8074),
(6, 'Empire Strikes Back, The', 1980, 8.5, 8050),
(7, 'Shawshank Redemption, The', 1994, 8.8, 7850),
(8, 'Independence Day', 1996, 7, 7138),
(9, 'Usual Suspects, The', 1995, 8.7, 6981),
(10, 'Raiders of the Lost Ark', 1981, 8.4, 6488),
(11, '2001: A Space Odyssey', 1968, 8.4, 6413),
(12, 'Forrest Gump', 1994, 7.8, 6269),
(13, 'Aliens', 1986, 8.3, 5811),
(14, 'Silence of the Lambs, The', 1991, 8.3, 5715),
(15, 'Princess Bride, The', 1987, 8.4, 5522),
(16, 'Terminator 2: Judgment Day', 1991, 8, 5513),
(17, 'Casablanca', 1942, 8.7, 5489),
(18, 'Monty Python and the Holy Grail', 1974, 8.4, 5319),
(19, 'Star Trek: First Contact', 1996, 8.2, 5298),
(20, 'Fargo', 1996, 8.2, 5293),
(21, 'Twelve Monkeys', 1995, 8, 5287),
(22, 'Trainspotting', 1996, 8.1, 5233),
(23, 'Godfather, The', 1972, 8.7, 5211),
(24, 'Se7en', 1995, 8.1, 5107),
(25, 'Back to the Future', 1985, 7.8, 5103),
(26, 'Rock, The', 1996, 8, 4938),
(27, 'Reservoir Dogs', 1992, 8.3, 4861),
(28, 'Apocalypse Now', 1979, 8.3, 4860),
(29, 'Alien', 1979, 8.2, 4828),
(30, 'Apollo 13', 1995, 7.8, 4778),
(31, 'Clockwork Orange, A', 1971, 8.4, 4767),
(32, 'Jurassic Park', 1993, 7.4, 4707),
(33, 'English Patient, The', 1996, 8.1, 4689),
(34, 'One Flew Over the Cuckoo''s Nest', 1975, 8.5, 4545),
(35, 'Dr. Strangelove or: How I Learned to Stop Worrying and Love the Bomb', 1963, 8.6, 4451),
(39, 'Terminator, The', 1984, 7.8, 4225),
(48, 'True Lies', 1994, 7.3, 3601),
(94, 'Total Recall', 1990, 7.1, 2305),
(180, 'Predator', 1987, 7.2, 1604),
(263, 'Conan the Barbarian', 1981, 6.9, 1271),
(321, 'Twins', 1988, 6.3, 1126),
(334, 'Last Action Hero', 1993, 5.9, 1107),
(410, 'Dave', 1993, 7.4, 962),
(440, 'Kindergarten Cop', 1990, 6.2, 894),
(471, 'Running Man, The', 1987, 6.3, 856),
(629, 'Commando', 1985, 6.1, 673),
(746, 'Conan the Destroyer', 1984, 5.4, 542),
(932, 'Red Heat', 1988, 5.8, 402),
(960, 'Terminator 2: 3-D', 1996, 8.7, 384),
(1106, 'Junior', 1994, 5.9, 329),
(1339, 'Jingle All the Way', 1996, 6, 262),
(1551, 'Raw Deal', 1986, 5, 215),
(1622, 'Batman and Robin', 1997, 3.9, 1925),
(1644, 'Red Sonja', 1985, 4.6, 404),
(1353, 'Outrageous Fortune', 1987, 6.1, 258),
(975, 'Night Shift', 1982, 6.6, 377),
(910, 'Brady Bunch Movie, The', 1995, 6.3, 412),
(793, 'Money Pit, The', 1986, 5.8, 482);

/*!40101 SET CHARACTER_SET_CLIENT=@OLD_CHARACTER_SET_CLIENT */;
/*!40101 SET CHARACTER_SET_RESULTS=@OLD_CHARACTER_SET_RESULTS */;
/*!40101 SET COLLATION_CONNECTION=@OLD_COLLATION_CONNECTION */;
